ano_coleta,fonte_url_pagina,fonte_url_arquivo,arquivo_origem,BLOCO,GRUPO,ESTRATEGIA,UF,MUNICIPIO,CO_MUNICIPIO_IBGE,QT_POPULACAO,NU_ANO_REFERENCIA_IBGE,CNPJ,ENTIDADE,BANCO,AGENCIA,CONTA,TP_REPASSE,TP_REPASSE_ESTADO,ST_FAF,ST_HU,DT_ULTIMA_LIBERACAO,VL_BRUTO,VL_LIQUIDO,VL_SALDO_CONTA,DT_SALDO_CONTA
2026,https://portalfns.saude.gov.br/idg_download/repasse-faf-com-populacao-2026-acumulado-ate-maio/,https://portalfns.saude.gov.br/wp-content/uploads/2026/06/Repasse-FAF-com-POPULACAO-2026-acumulado-ate-maio.xlsx,/home/neologos/anatomia-do-gasto-sprint2/data/raw/vila_maria/fns/repasses_faf_com_populacao/2026/Repasse-FAF-com-POPULACAO-2026-acumulado-ate-maio.xlsx,Manutenção Das Ações E Serviços Públicos De Saúde,ASSISTÊNCIA FARMACÊUTICA,"CBAF - RECURSOS FINANCEIROS A TRANSFERIR PARA AQUISICAO PELAS SECRETARIAS DE SAUDE DOS ESTADOS, MUNICIPIOS E DO DISTRITO FEDERAL",RS,VILA MARIA,432340,4515,2026,11718802000158,FUNDO MUNICIPAL DE SAUDE,104,006971,000066240488,MUNICIPAL,N,S,N,46171,15604,15604,97262.03,46112
2026,https://portalfns.saude.gov.br/idg_download/repasse-faf-com-populacao-2026-acumulado-ate-maio/,https://portalfns.saude.gov.br/wp-content/uploads/2026/06/Repasse-FAF-com-POPULACAO-2026-acumulado-ate-maio.xlsx,/home/neologos/anatomia-do-gasto-sprint2/data/raw/vila_maria/fns/repasses_faf_com_populacao/2026/Repasse-FAF-com-POPULACAO-2026-acumulado-ate-maio.xlsx,Manutenção Das Ações E Serviços Públicos De Saúde,VIGILÂNCIA EM SAÚDE,"INCENTIVO FINANCEIRO AOS ESTADOS, DISTRITO FEDERAL E MUNICÍPIOS PARA A VIGILÂNCIA EM SAÚDE - DESPESAS DIVERSAS",RS,VILA MARIA,432340,4515,2026,11718802000158,FUNDO MUNICIPAL DE SAUDE,104,006971,000066240488,MUNICIPAL,N,S,N,46170,9540.19,9540.19,97262.03,46112
2026,https://portalfns.saude.gov.br/idg_download/repasse-faf-com-populacao-2026-acumulado-ate-maio/,https://portalfns.saude.gov.br/wp-content/uploads/2026/06/Repasse-FAF-com-POPULACAO-2026-acumulado-ate-maio.xlsx,/home/neologos/anatomia-do-gasto-sprint2/data/raw/vila_maria/fns/repasses_faf_com_populacao/2026/Repasse-FAF-com-POPULACAO-2026-acumulado-ate-maio.xlsx,Manutenção Das Ações E Serviços Públicos De Saúde,ATENÇÃO PRIMÁRIA,AGENTES COMUNITÁRIOS DE SAÚDE,RS,VILA MARIA,432340,4515,2026,11718802000158,FUNDO MUNICIPAL DE SAUDE,104,006971,000066240488,MUNICIPAL,N,S,N,46155,152374,152374,97262.03,46112
2026,https://portalfns.saude.gov.br/idg_download/repasse-faf-com-populacao-2026-acumulado-ate-maio/,https://portalfns.saude.gov.br/wp-content/uploads/2026/06/Repasse-FAF-com-POPULACAO-2026-acumulado-ate-maio.xlsx,/home/neologos/anatomia-do-gasto-sprint2/data/raw/vila_maria/fns/repasses_faf_com_populacao/2026/Repasse-FAF-com-POPULACAO-2026-acumulado-ate-maio.xlsx,Manutenção Das Ações E Serviços Públicos De Saúde,ATENÇÃO PRIMÁRIA,INCENTIVO FINANCEIRO DA APS - ATENCAO A SAUDE BUCAL,RS,VILA MARIA,432340,4515,2026,11718802000158,FUNDO MUNICIPAL DE SAUDE,104,006971,000066240488,MUNICIPAL,N,S,N,46155,31906.75,31906.75,97262.03,46112
2026,https://portalfns.saude.gov.br/idg_download/repasse-faf-com-populacao-2026-acumulado-ate-maio/,https://portalfns.saude.gov.br/wp-content/uploads/2026/06/Repasse-FAF-com-POPULACAO-2026-acumulado-ate-maio.xlsx,/home/neologos/anatomia-do-gasto-sprint2/data/raw/vila_maria/fns/repasses_faf_com_populacao/2026/Repasse-FAF-com-POPULACAO-2026-acumulado-ate-maio.xlsx,Manutenção Das Ações E Serviços Públicos De Saúde,ATENÇÃO PRIMÁRIA,INCENTIVO FINANCEIRO DA APS - COMPONENTE PER CAPITA DE BASE POPULACIONAL,RS,VILA MARIA,432340,4515,2026,11718802000158,FUNDO MUNICIPAL DE SAUDE,104,006971,000066240488,MUNICIPAL,N,S,N,46155,11193.45,11193.45,97262.03,46112
2026,https://portalfns.saude.gov.br/idg_download/repasse-faf-com-populacao-2026-acumulado-ate-maio/,https://portalfns.saude.gov.br/wp-content/uploads/2026/06/Repasse-FAF-com-POPULACAO-2026-acumulado-ate-maio.xlsx,/home/neologos/anatomia-do-gasto-sprint2/data/raw/vila_maria/fns/repasses_faf_com_populacao/2026/Repasse-FAF-com-POPULACAO-2026-acumulado-ate-maio.xlsx,Manutenção Das Ações E Serviços Públicos De Saúde,ATENÇÃO PRIMÁRIA,INCENTIVO FINANCEIRO DA APS - EQUIPES DE SAÚDE DA FAMÍLIA/ESF E EQUIPES DE ATENÇÃO PRIMÁRIA/EAP,RS,VILA MARIA,432340,4515,2026,11718802000158,FUNDO MUNICIPAL DE SAUDE,104,006971,000066240488,MUNICIPAL,N,S,N,46155,234000,234000,97262.03,46112
2026,https://portalfns.saude.gov.br/idg_download/repasse-faf-com-populacao-2026-acumulado-ate-maio/,https://portalfns.saude.gov.br/wp-content/uploads/2026/06/Repasse-FAF-com-POPULACAO-2026-acumulado-ate-maio.xlsx,/home/neologos/anatomia-do-gasto-sprint2/data/raw/vila_maria/fns/repasses_faf_com_populacao/2026/Repasse-FAF-com-POPULACAO-2026-acumulado-ate-maio.xlsx,Manutenção Das Ações E Serviços Públicos De Saúde,VIGILÂNCIA EM SAÚDE,TRANSFERÊNCIA AOS ENTES FEDERATIVOS PARA O PAGAMENTO DOS VENCIMENTOS DOS AGENTES DE COMBATE ÀS ENDEMIAS,RS,VILA MARIA,432340,4515,2026,11718802000158,FUNDO MUNICIPAL DE SAUDE,104,006971,000066240488,MUNICIPAL,N,S,N,46155,22694,22694,97262.03,46112
2026,https://portalfns.saude.gov.br/idg_download/repasse-faf-com-populacao-2026-acumulado-ate-maio/,https://portalfns.saude.gov.br/wp-content/uploads/2026/06/Repasse-FAF-com-POPULACAO-2026-acumulado-ate-maio.xlsx,/home/neologos/anatomia-do-gasto-sprint2/data/raw/vila_maria/fns/repasses_faf_com_populacao/2026/Repasse-FAF-com-POPULACAO-2026-acumulado-ate-maio.xlsx,Manutenção Das Ações E Serviços Públicos De Saúde,VIGILÂNCIA EM SAÚDE,"INCENTIVO FINANCEIRO AOS ESTADOS, DISTRITO FEDERAL E MUNICÍPIOS EXECUÇÃO AÇÕES VIGILÂNCIA SANITÁRIA",RS,VILA MARIA,432340,4515,2026,11718802000158,FUNDO MUNICIPAL DE SAUDE,104,006971,000066240488,MUNICIPAL,N,S,N,46154,6000,6000,97262.03,46112
2026,https://portalfns.saude.gov.br/idg_download/repasse-faf-com-populacao-2026-acumulado-ate-maio/,https://portalfns.saude.gov.br/wp-content/uploads/2026/06/Repasse-FAF-com-POPULACAO-2026-acumulado-ate-maio.xlsx,/home/neologos/anatomia-do-gasto-sprint2/data/raw/vila_maria/fns/repasses_faf_com_populacao/2026/Repasse-FAF-com-POPULACAO-2026-acumulado-ate-maio.xlsx,Manutenção Das Ações E Serviços Públicos De Saúde,ATENÇÃO DE MÉDIA E ALTA COMPLEXIDADE AMBULATORIAL E HOSPITALAR,ATENÇÃO À SAÚDE DA POPULAÇÃO PARA PROCEDIMENTOS NO MAC,RS,VILA MARIA,432340,4515,2026,11718802000158,FUNDO MUNICIPAL DE SAUDE,104,006971,000066240488,MUNICIPAL,N,S,N,46148,14734.95,14734.95,97262.03,46112
2026,https://portalfns.saude.gov.br/idg_download/repasse-faf-com-populacao-2026-acumulado-ate-maio/,https://portalfns.saude.gov.br/wp-content/uploads/2026/06/Repasse-FAF-com-POPULACAO-2026-acumulado-ate-maio.xlsx,/home/neologos/anatomia-do-gasto-sprint2/data/raw/vila_maria/fns/repasses_faf_com_populacao/2026/Repasse-FAF-com-POPULACAO-2026-acumulado-ate-maio.xlsx,Manutenção Das Ações E Serviços Públicos De Saúde,GESTÃO DO SUS,"ASSISTÊNCIA FINANCEIRA COMPLEMENTAR AOS ESTADOS, DF E MUNICÍPIOS P/ O PAG DO PISO SALARIAL DOS PROFISSIONAIS DA ENFERMAGEM",RS,VILA MARIA,432340,4515,2026,11718802000158,FUNDO MUNICIPAL DE SAUDE,104,006971,000066240569,MUNICIPAL,N,S,N,46142,6534.99,6534.99,16861.169999999998,46112
2026,https://portalfns.saude.gov.br/idg_download/repasse-faf-com-populacao-2026-acumulado-ate-maio/,https://portalfns.saude.gov.br/wp-content/uploads/2026/06/Repasse-FAF-com-POPULACAO-2026-acumulado-ate-maio.xlsx,/home/neologos/anatomia-do-gasto-sprint2/data/raw/vila_maria/fns/repasses_faf_com_populacao/2026/Repasse-FAF-com-POPULACAO-2026-acumulado-ate-maio.xlsx,Manutenção Das Ações E Serviços Públicos De Saúde,ATENÇÃO PRIMÁRIA,INCENTIVO FINANCEIRO DA APS - EQUIPES MULTIPROFISSIONAIS - EMULTI,RS,VILA MARIA,432340,4515,2026,11718802000158,FUNDO MUNICIPAL DE SAUDE,104,006971,000066240488,MUNICIPAL,N,S,N,46056,2250,2250,97262.03,46112
